record_id,station_id,station_year_id,year,crop_label,sowing_doy,maturity_doy,crop_pred,sowing_pred,maturity_pred,synthetic_x,synthetic_y
SYN_REC00001,SYN_ST001,SYN_ST001_2019,2019,rice,138,240,maize,137.88,233.18,13.36,-0.107
SYN_REC00002,SYN_ST001,SYN_ST001_2019,2019,rice,138,240,rice,145.89,243.74,11.274,-0.597
SYN_REC00003,SYN_ST001,SYN_ST001_2019,2019,rice,138,240,rice,144.15,239.6,12.083,-1.857
SYN_REC00004,SYN_ST001,SYN_ST001_2019,2019,rice,138,240,wheat,135.0,237.18,12.943,-0.601
SYN_REC00005,SYN_ST001,SYN_ST001_2019,2019,rice,138,240,rice,141.02,257.13,11.817,-1.655
SYN_REC00006,SYN_ST001,SYN_ST001_2019,2019,rice,138,240,rice,142.31,249.03,12.168,-2.048
SYN_REC00007,SYN_ST001,SYN_ST001_2019,2019,rice,138,240,rice,142.55,245.95,12.957,-1.839
SYN_REC00008,SYN_ST001,SYN_ST001_2019,2019,rice,138,240,maize,138.82,241.75,13.35,-0.772
SYN_REC00009,SYN_ST001,SYN_ST001_2019,2019,rice,138,240,rice,138.47,242.31,13.062,-2.789
SYN_REC00010,SYN_ST001,SYN_ST001_2019,2019,rice,138,240,maize,133.53,237.8,14.099,-2.079
SYN_REC00011,SYN_ST001,SYN_ST001_2019,2019,rice,138,240,rice,126.22,237.32,12.5,-0.337
SYN_REC00012,SYN_ST001,SYN_ST001_2019,2019,rice,138,240,rice,143.55,237.21,11.75,-0.01
SYN_REC00013,SYN_ST001,SYN_ST001_2020,2020,wheat,96,218,wheat,97.0,223.52,11.792,-0.85
SYN_REC00014,SYN_ST001,SYN_ST001_2020,2020,wheat,96,218,wheat,93.83,221.65,11.51,-1.476
SYN_REC00015,SYN_ST001,SYN_ST001_2020,2020,wheat,96,218,wheat,87.63,221.9,11.741,-1.025
SYN_REC00016,SYN_ST001,SYN_ST001_2020,2020,wheat,96,218,wheat,99.13,223.32,12.187,-1.548
SYN_REC00017,SYN_ST001,SYN_ST001_2020,2020,wheat,96,218,wheat,84.19,206.42,10.717,-2.237
SYN_REC00018,SYN_ST001,SYN_ST001_2020,2020,wheat,96,218,maize,93.35,228.39,11.877,-0.155
SYN_REC00019,SYN_ST001,SYN_ST001_2020,2020,wheat,96,218,wheat,94.56,210.4,11.898,-0.032
SYN_REC00020,SYN_ST001,SYN_ST001_2020,2020,wheat,96,218,wheat,99.04,219.9,11.592,-2.775
SYN_REC00021,SYN_ST001,SYN_ST001_2020,2020,wheat,96,218,wheat,92.29,219.86,12.331,0.882
SYN_REC00022,SYN_ST001,SYN_ST001_2021,2021,maize,125,244,maize,130.85,246.85,14.061,-2.466
SYN_REC00023,SYN_ST001,SYN_ST001_2021,2021,maize,125,244,maize,118.51,240.88,10.653,-0.278
SYN_REC00024,SYN_ST001,SYN_ST001_2021,2021,maize,125,244,maize,114.7,235.88,12.681,-0.034
SYN_REC00025,SYN_ST001,SYN_ST001_2021,2021,maize,125,244,maize,145.4,247.32,11.117,-3.598
SYN_REC00026,SYN_ST001,SYN_ST001_2021,2021,maize,125,244,maize,119.31,240.68,11.57,-1.209
SYN_REC00027,SYN_ST001,SYN_ST001_2021,2021,maize,125,244,wheat,123.89,235.71,10.295,-1.624
SYN_REC00028,SYN_ST001,SYN_ST001_2021,2021,maize,125,244,maize,126.96,258.14,12.461,0.139
SYN_REC00029,SYN_ST001,SYN_ST001_2021,2021,maize,125,244,rice,116.71,236.28,11.434,1.514
SYN_REC00030,SYN_ST001,SYN_ST001_2021,2021,maize,125,244,wheat,118.68,251.45,12.767,-1.228
SYN_REC00031,SYN_ST001,SYN_ST001_2021,2021,maize,125,244,maize,120.42,247.57,11.759,-2.511
SYN_REC00032,SYN_ST001,SYN_ST001_2021,2021,maize,125,244,rice,126.21,256.63,12.497,-1.182
SYN_REC00033,SYN_ST001,SYN_ST001_2021,2021,maize,125,244,maize,134.14,245.76,11.812,0.288
SYN_REC00034,SYN_ST002,SYN_ST002_2019,2019,wheat,95,232,wheat,92.32,243.69,23.1,0.462
SYN_REC00035,SYN_ST002,SYN_ST002_2019,2019,wheat,95,232,wheat,92.24,231.96,24.233,1.941
SYN_REC00036,SYN_ST002,SYN_ST002_2019,2019,wheat,95,232,wheat,95.63,237.15,21.969,1.477
SYN_REC00037,SYN_ST002,SYN_ST002_2019,2019,wheat,95,232,wheat,86.47,224.97,24.028,2.635
SYN_REC00038,SYN_ST002,SYN_ST002_2020,2020,rice,145,253,rice,148.77,263.7,24.243,0.701
SYN_REC00039,SYN_ST002,SYN_ST002_2020,2020,rice,145,253,rice,146.7,254.41,23.127,1.644
SYN_REC00040,SYN_ST002,SYN_ST002_2020,2020,rice,145,253,rice,162.62,268.01,23.405,1.191
SYN_REC00041,SYN_ST002,SYN_ST002_2020,2020,rice,145,253,rice,140.87,255.52,25.876,0.661
SYN_REC00042,SYN_ST002,SYN_ST002_2020,2020,rice,145,253,wheat,143.86,244.5,23.793,0.484
SYN_REC00043,SYN_ST002,SYN_ST002_2020,2020,rice,145,253,rice,132.7,241.26,26.984,-0.009
SYN_REC00044,SYN_ST002,SYN_ST002_2020,2020,rice,145,253,rice,157.86,276.24,23.023,1.094
SYN_REC00045,SYN_ST002,SYN_ST002_2020,2020,rice,145,253,rice,157.1,245.11,24.134,2.469
SYN_REC00046,SYN_ST002,SYN_ST002_2020,2020,rice,145,253,rice,142.37,251.93,22.779,1.25
SYN_REC00047,SYN_ST002,SYN_ST002_2020,2020,rice,145,253,rice,146.63,248.56,24.995,2.751
SYN_REC00048,SYN_ST002,SYN_ST002_2020,2020,rice,145,253,rice,147.46,253.43,24.429,0.67
SYN_REC00049,SYN_ST002,SYN_ST002_2020,2020,rice,145,253,rice,144.32,269.75,26.317,1.999
SYN_REC00050,SYN_ST002,SYN_ST002_2020,2020,rice,145,253,rice,137.21,262.53,24.744,2.112
SYN_REC00051,SYN_ST002,SYN_ST002_2021,2021,wheat,104,225,rice,104.37,222.66,24.305,1.233
SYN_REC00052,SYN_ST002,SYN_ST002_2021,2021,wheat,104,225,wheat,114.3,204.47,24.145,1.748
SYN_REC00053,SYN_ST002,SYN_ST002_2021,2021,wheat,104,225,wheat,101.4,210.95,24.822,3.609
SYN_REC00054,SYN_ST002,SYN_ST002_2021,2021,wheat,104,225,wheat,110.05,222.37,24.355,0.272
SYN_REC00055,SYN_ST002,SYN_ST002_2021,2021,wheat,104,225,wheat,113.1,229.66,26.508,2.949
SYN_REC00056,SYN_ST002,SYN_ST002_2021,2021,wheat,104,225,wheat,116.21,228.51,25.422,1.18
SYN_REC00057,SYN_ST003,SYN_ST003_2019,2019,wheat,105,231,wheat,110.26,245.57,36.943,-2.584
SYN_REC00058,SYN_ST003,SYN_ST003_2019,2019,wheat,105,231,wheat,96.8,226.85,37.88,0.068
SYN_REC00059,SYN_ST003,SYN_ST003_2019,2019,wheat,105,231,rice,105.23,221.27,35.261,-0.323
SYN_REC00060,SYN_ST003,SYN_ST003_2019,2019,wheat,105,231,wheat,109.26,212.67,36.432,-0.611
SYN_REC00061,SYN_ST003,SYN_ST003_2019,2019,wheat,105,231,rice,116.31,214.49,35.357,0.012
SYN_REC00062,SYN_ST003,SYN_ST003_2019,2019,wheat,105,231,wheat,115.33,233.95,37.082,-1.383
SYN_REC00063,SYN_ST003,SYN_ST003_2019,2019,wheat,105,231,wheat,112.48,232.86,36.348,-0.373
SYN_REC00064,SYN_ST003,SYN_ST003_2019,2019,wheat,105,231,wheat,103.97,229.78,36.527,0.502
SYN_REC00065,SYN_ST003,SYN_ST003_2019,2019,wheat,105,231,wheat,104.12,242.85,35.174,-1.684
SYN_REC00066,SYN_ST003,SYN_ST003_2019,2019,wheat,105,231,rice,105.08,241.63,37.095,0.313
SYN_REC00067,SYN_ST003,SYN_ST003_2019,2019,wheat,105,231,wheat,121.29,229.36,33.662,1.228
SYN_REC00068,SYN_ST003,SYN_ST003_2019,2019,wheat,105,231,wheat,105.76,241.48,34.144,-2.199
SYN_REC00069,SYN_ST003,SYN_ST003_2019,2019,wheat,105,231,wheat,99.44,234.52,36.696,-0.366
SYN_REC00070,SYN_ST003,SYN_ST003_2020,2020,wheat,102,227,maize,102.97,233.08,36.342,-0.061
SYN_REC00071,SYN_ST003,SYN_ST003_2020,2020,wheat,102,227,wheat,100.74,228.57,37.051,-1.17
SYN_REC00072,SYN_ST003,SYN_ST003_2020,2020,wheat,102,227,wheat,100.14,226.06,37.062,-3.089
SYN_REC00073,SYN_ST003,SYN_ST003_2020,2020,wheat,102,227,maize,91.62,208.33,35.253,0.202
SYN_REC00074,SYN_ST003,SYN_ST003_2020,2020,wheat,102,227,maize,109.62,237.62,35.984,0.927
SYN_REC00075,SYN_ST003,SYN_ST003_2020,2020,wheat,102,227,wheat,96.14,222.24,34.29,-1.763
SYN_REC00076,SYN_ST003,SYN_ST003_2020,2020,wheat,102,227,wheat,107.63,240.77,34.408,-0.226
SYN_REC00077,SYN_ST003,SYN_ST003_2020,2020,wheat,102,227,wheat,105.32,225.95,33.869,0.417
SYN_REC00078,SYN_ST003,SYN_ST003_2020,2020,wheat,102,227,wheat,98.26,218.44,35.281,-0.184
SYN_REC00079,SYN_ST003,SYN_ST003_2021,2021,maize,126,251,maize,115.66,259.54,35.669,0.64
SYN_REC00080,SYN_ST003,SYN_ST003_2021,2021,maize,126,251,maize,125.08,253.79,38.408,1.795
SYN_REC00081,SYN_ST003,SYN_ST003_2021,2021,maize,126,251,maize,127.12,259.61,35.052,-0.298
SYN_REC00082,SYN_ST003,SYN_ST003_2021,2021,maize,126,251,maize,128.2,244.33,34.159,-3.185
SYN_REC00083,SYN_ST003,SYN_ST003_2021,2021,maize,126,251,maize,122.79,248.65,38.391,0.63
SYN_REC00084,SYN_ST003,SYN_ST003_2021,2021,maize,126,251,maize,128.43,247.74,35.725,-0.475
SYN_REC00085,SYN_ST003,SYN_ST003_2021,2021,maize,126,251,maize,123.63,259.51,34.696,-0.69
SYN_REC00086,SYN_ST003,SYN_ST003_2021,2021,maize,126,251,maize,127.56,262.47,36.176,-0.0
SYN_REC00087,SYN_ST003,SYN_ST003_2021,2021,maize,126,251,maize,124.81,244.76,36.583,-1.719
SYN_REC00088,SYN_ST003,SYN_ST003_2021,2021,maize,126,251,maize,130.29,256.32,37.369,-0.258
SYN_REC00089,SYN_ST003,SYN_ST003_2021,2021,maize,126,251,maize,129.18,248.53,37.189,-2.895
SYN_REC00090,SYN_ST003,SYN_ST003_2021,2021,maize,126,251,maize,112.06,239.04,37.703,0.377
SYN_REC00091,SYN_ST003,SYN_ST003_2021,2021,maize,126,251,maize,115.48,227.28,35.414,2.207
SYN_REC00092,SYN_ST004,SYN_ST004_2019,2019,maize,123,241,maize,125.41,246.35,-0.391,10.518
SYN_REC00093,SYN_ST004,SYN_ST004_2019,2019,maize,123,241,wheat,116.21,233.9,2.038,9.211
SYN_REC00094,SYN_ST004,SYN_ST004_2019,2019,maize,123,241,maize,119.9,252.64,0.593,9.75
SYN_REC00095,SYN_ST004,SYN_ST004_2019,2019,maize,123,241,maize,120.47,233.47,-0.103,9.983
SYN_REC00096,SYN_ST004,SYN_ST004_2019,2019,maize,123,241,maize,127.46,236.69,1.812,6.567
SYN_REC00097,SYN_ST004,SYN_ST004_2019,2019,maize,123,241,maize,111.19,234.39,0.732,9.225
SYN_REC00098,SYN_ST004,SYN_ST004_2019,2019,maize,123,241,maize,121.89,242.63,-0.775,10.289
SYN_REC00099,SYN_ST004,SYN_ST004_2019,2019,maize,123,241,maize,125.7,245.45,0.791,11.883
SYN_REC00100,SYN_ST004,SYN_ST004_2020,2020,maize,121,232,maize,117.4,224.89,0.35,9.842
SYN_REC00101,SYN_ST004,SYN_ST004_2020,2020,maize,121,232,maize,115.64,239.2,1.322,9.249
SYN_REC00102,SYN_ST004,SYN_ST004_2020,2020,maize,121,232,wheat,124.84,233.5,-1.303,9.359
SYN_REC00103,SYN_ST004,SYN_ST004_2020,2020,maize,121,232,maize,114.7,233.52,-1.311,11.044
SYN_REC00104,SYN_ST004,SYN_ST004_2020,2020,maize,121,232,maize,119.23,234.91,-2.457,8.053
SYN_REC00105,SYN_ST004,SYN_ST004_2020,2020,maize,121,232,wheat,126.0,247.98,-0.977,8.435
SYN_REC00106,SYN_ST004,SYN_ST004_2020,2020,maize,121,232,maize,132.28,222.22,0.734,11.626
SYN_REC00107,SYN_ST004,SYN_ST004_2020,2020,maize,121,232,maize,118.03,218.79,-1.102,8.932
SYN_REC00108,SYN_ST004,SYN_ST004_2021,2021,wheat,103,220,wheat,98.96,230.2,-0.318,8.676
SYN_REC00109,SYN_ST004,SYN_ST004_2021,2021,wheat,103,220,maize,106.14,206.52,1.081,8.199
SYN_REC00110,SYN_ST004,SYN_ST004_2021,2021,wheat,103,220,wheat,93.03,223.57,-0.533,7.901
SYN_REC00111,SYN_ST004,SYN_ST004_2021,2021,wheat,103,220,rice,104.69,215.09,2.176,8.912
SYN_REC00112,SYN_ST004,SYN_ST004_2021,2021,wheat,103,220,wheat,104.88,215.04,1.0,8.8
SYN_REC00113,SYN_ST004,SYN_ST004_2021,2021,wheat,103,220,rice,95.72,200.7,2.368,12.5
SYN_REC00114,SYN_ST004,SYN_ST004_2021,2021,wheat,103,220,wheat,89.44,217.52,0.091,9.213
SYN_REC00115,SYN_ST004,SYN_ST004_2021,2021,wheat,103,220,wheat,107.06,224.2,-1.358,10.279
SYN_REC00116,SYN_ST004,SYN_ST004_2021,2021,wheat,103,220,rice,104.2,217.3,0.264,10.179
SYN_REC00117,SYN_ST004,SYN_ST004_2021,2021,wheat,103,220,rice,90.89,221.32,-0.034,11.658
SYN_REC00118,SYN_ST004,SYN_ST004_2021,2021,wheat,103,220,wheat,114.68,211.17,1.14,9.824
SYN_REC00119,SYN_ST004,SYN_ST004_2021,2021,wheat,103,220,wheat,104.24,229.7,0.046,7.41
SYN_REC00120,SYN_ST004,SYN_ST004_2021,2021,wheat,103,220,wheat,96.68,217.26,0.337,7.394
SYN_REC00121,SYN_ST004,SYN_ST004_2021,2021,wheat,103,220,wheat,106.37,215.82,-2.643,10.382
SYN_REC00122,SYN_ST005,SYN_ST005_2019,2019,rice,149,273,rice,151.71,271.66,13.253,10.036
SYN_REC00123,SYN_ST005,SYN_ST005_2019,2019,rice,149,273,maize,145.95,269.17,13.221,11.084
SYN_REC00124,SYN_ST005,SYN_ST005_2019,2019,rice,149,273,rice,146.03,275.51,11.977,10.429
SYN_REC00125,SYN_ST005,SYN_ST005_2019,2019,rice,149,273,maize,143.21,266.74,9.488,8.13
SYN_REC00126,SYN_ST005,SYN_ST005_2019,2019,rice,149,273,rice,147.59,281.9,11.978,8.049
SYN_REC00127,SYN_ST005,SYN_ST005_2019,2019,rice,149,273,rice,156.34,265.19,11.18,9.956
SYN_REC00128,SYN_ST005,SYN_ST005_2019,2019,rice,149,273,rice,153.53,272.89,13.114,8.044
SYN_REC00129,SYN_ST005,SYN_ST005_2019,2019,rice,149,273,rice,147.53,263.27,10.396,10.109
SYN_REC00130,SYN_ST005,SYN_ST005_2019,2019,rice,149,273,wheat,148.33,282.02,9.535,7.49
SYN_REC00131,SYN_ST005,SYN_ST005_2019,2019,rice,149,273,rice,159.23,275.26,13.193,7.918
SYN_REC00132,SYN_ST005,SYN_ST005_2019,2019,rice,149,273,rice,152.13,273.47,12.931,9.061
SYN_REC00133,SYN_ST005,SYN_ST005_2019,2019,rice,149,273,maize,150.11,279.22,13.241,7.342
SYN_REC00134,SYN_ST005,SYN_ST005_2020,2020,rice,153,256,rice,159.52,270.38,12.892,8.84
SYN_REC00135,SYN_ST005,SYN_ST005_2020,2020,rice,153,256,maize,153.08,253.61,11.054,11.745
SYN_REC00136,SYN_ST005,SYN_ST005_2020,2020,rice,153,256,wheat,146.55,262.84,13.04,9.817
SYN_REC00137,SYN_ST005,SYN_ST005_2020,2020,rice,153,256,rice,157.45,261.92,13.037,9.695
SYN_REC00138,SYN_ST005,SYN_ST005_2020,2020,rice,153,256,rice,153.59,251.55,10.737,11.304
SYN_REC00139,SYN_ST005,SYN_ST005_2020,2020,rice,153,256,rice,162.51,258.04,13.893,9.301
SYN_REC00140,SYN_ST005,SYN_ST005_2020,2020,rice,153,256,rice,145.35,259.18,12.345,7.723
SYN_REC00141,SYN_ST005,SYN_ST005_2020,2020,rice,153,256,rice,152.44,270.38,13.345,9.3
SYN_REC00142,SYN_ST005,SYN_ST005_2020,2020,rice,153,256,wheat,153.31,254.38,10.973,9.105
SYN_REC00143,SYN_ST005,SYN_ST005_2020,2020,rice,153,256,rice,144.25,260.09,12.742,7.142
SYN_REC00144,SYN_ST005,SYN_ST005_2020,2020,rice,153,256,rice,159.97,264.47,13.503,9.333
SYN_REC00145,SYN_ST005,SYN_ST005_2020,2020,rice,153,256,rice,145.41,258.76,12.728,10.831
SYN_REC00146,SYN_ST005,SYN_ST005_2021,2021,maize,118,234,maize,113.95,236.02,11.668,8.532
SYN_REC00147,SYN_ST005,SYN_ST005_2021,2021,maize,118,234,rice,115.19,235.95,12.6,7.919
SYN_REC00148,SYN_ST005,SYN_ST005_2021,2021,maize,118,234,maize,128.06,224.7,9.732,7.052
SYN_REC00149,SYN_ST005,SYN_ST005_2021,2021,maize,118,234,rice,117.18,243.71,9.065,9.761
SYN_REC00150,SYN_ST005,SYN_ST005_2021,2021,maize,118,234,maize,110.11,230.96,11.369,8.213
SYN_REC00151,SYN_ST005,SYN_ST005_2021,2021,maize,118,234,maize,127.99,248.7,11.869,11.572
SYN_REC00152,SYN_ST005,SYN_ST005_2021,2021,maize,118,234,maize,130.28,233.25,12.43,9.725
SYN_REC00153,SYN_ST005,SYN_ST005_2021,2021,maize,118,234,maize,123.96,228.34,13.435,8.852
SYN_REC00154,SYN_ST005,SYN_ST005_2021,2021,maize,118,234,maize,124.36,234.25,12.607,9.303
SYN_REC00155,SYN_ST005,SYN_ST005_2021,2021,maize,118,234,maize,120.97,218.5,13.072,8.108
SYN_REC00156,SYN_ST005,SYN_ST005_2021,2021,maize,118,234,maize,117.59,234.67,11.44,10.283
SYN_REC00157,SYN_ST005,SYN_ST005_2021,2021,maize,118,234,maize,115.15,229.32,12.216,9.621
SYN_REC00158,SYN_ST005,SYN_ST005_2021,2021,maize,118,234,maize,123.07,234.5,10.002,6.936
SYN_REC00159,SYN_ST005,SYN_ST005_2021,2021,maize,118,234,maize,116.45,233.17,12.239,9.557
SYN_REC00160,SYN_ST005,SYN_ST005_2021,2021,maize,118,234,wheat,110.22,224.62,10.96,9.633
SYN_REC00161,SYN_ST006,SYN_ST006_2019,2019,wheat,97,221,wheat,94.82,229.39,24.434,8.534
SYN_REC00162,SYN_ST006,SYN_ST006_2019,2019,wheat,97,221,wheat,86.25,224.12,25.368,9.392
SYN_REC00163,SYN_ST006,SYN_ST006_2019,2019,wheat,97,221,wheat,92.64,237.48,24.974,8.036
SYN_REC00164,SYN_ST006,SYN_ST006_2019,2019,wheat,97,221,wheat,89.47,214.99,25.721,10.235
SYN_REC00165,SYN_ST006,SYN_ST006_2019,2019,wheat,97,221,wheat,103.91,230.26,26.969,10.204
SYN_REC00166,SYN_ST006,SYN_ST006_2019,2019,wheat,97,221,wheat,83.83,218.46,24.205,9.712
SYN_REC00167,SYN_ST006,SYN_ST006_2019,2019,wheat,97,221,wheat,95.84,236.06,25.041,10.065
SYN_REC00168,SYN_ST006,SYN_ST006_2019,2019,wheat,97,221,wheat,97.53,221.05,25.783,10.967
SYN_REC00169,SYN_ST006,SYN_ST006_2019,2019,wheat,97,221,maize,99.17,225.72,23.864,9.463
SYN_REC00170,SYN_ST006,SYN_ST006_2019,2019,wheat,97,221,wheat,103.06,222.69,26.309,10.158
SYN_REC00171,SYN_ST006,SYN_ST006_2020,2020,wheat,100,230,rice,74.46,216.21,25.787,10.142
SYN_REC00172,SYN_ST006,SYN_ST006_2020,2020,wheat,100,230,wheat,95.02,240.96,24.664,12.26
SYN_REC00173,SYN_ST006,SYN_ST006_2020,2020,wheat,100,230,wheat,102.86,242.93,25.402,8.366
SYN_REC00174,SYN_ST006,SYN_ST006_2020,2020,wheat,100,230,wheat,99.75,219.08,24.938,8.678
SYN_REC00175,SYN_ST006,SYN_ST006_2020,2020,wheat,100,230,wheat,100.24,227.74,25.118,9.836
SYN_REC00176,SYN_ST006,SYN_ST006_2020,2020,wheat,100,230,rice,92.71,238.84,24.75,7.868
SYN_REC00177,SYN_ST006,SYN_ST006_2020,2020,wheat,100,230,wheat,103.24,217.75,25.52,10.451
SYN_REC00178,SYN_ST006,SYN_ST006_2020,2020,wheat,100,230,maize,104.42,218.77,25.642,9.206
SYN_REC00179,SYN_ST006,SYN_ST006_2020,2020,wheat,100,230,wheat,106.09,241.83,27.398,11.146
SYN_REC00180,SYN_ST006,SYN_ST006_2020,2020,wheat,100,230,wheat,102.47,236.13,25.39,9.726
SYN_REC00181,SYN_ST006,SYN_ST006_2020,2020,wheat,100,230,wheat,99.59,224.17,24.748,10.329
SYN_REC00182,SYN_ST006,SYN_ST006_2020,2020,wheat,100,230,wheat,102.38,235.36,24.795,10.476
SYN_REC00183,SYN_ST006,SYN_ST006_2020,2020,wheat,100,230,wheat,91.36,241.54,24.644,7.583
SYN_REC00184,SYN_ST006,SYN_ST006_2020,2020,wheat,100,230,wheat,92.85,230.42,24.916,9.164
SYN_REC00185,SYN_ST006,SYN_ST006_2021,2021,wheat,103,233,wheat,100.45,215.56,25.288,9.563
SYN_REC00186,SYN_ST006,SYN_ST006_2021,2021,wheat,103,233,wheat,111.31,234.62,24.645,10.151
SYN_REC00187,SYN_ST006,SYN_ST006_2021,2021,wheat,103,233,wheat,102.99,240.89,24.576,10.535
SYN_REC00188,SYN_ST006,SYN_ST006_2021,2021,wheat,103,233,rice,96.32,240.79,26.083,9.691
SYN_REC00189,SYN_ST006,SYN_ST006_2021,2021,wheat,103,233,wheat,96.99,228.7,25.896,8.422
SYN_REC00190,SYN_ST006,SYN_ST006_2021,2021,wheat,103,233,maize,101.57,233.88,28.179,7.916
SYN_REC00191,SYN_ST006,SYN_ST006_2021,2021,wheat,103,233,wheat,104.05,236.29,25.387,10.102
SYN_REC00192,SYN_ST006,SYN_ST006_2021,2021,wheat,103,233,wheat,113.18,229.35,26.604,8.795
SYN_REC00193,SYN_ST006,SYN_ST006_2021,2021,wheat,103,233,wheat,95.5,236.64,26.979,9.476
SYN_REC00194,SYN_ST006,SYN_ST006_2021,2021,wheat,103,233,wheat,95.2,231.17,23.334,8.473
SYN_REC00195,SYN_ST006,SYN_ST006_2021,2021,wheat,103,233,wheat,112.23,255.47,24.541,11.291
SYN_REC00196,SYN_ST006,SYN_ST006_2021,2021,wheat,103,233,wheat,101.94,236.46,25.319,9.701
SYN_REC00197,SYN_ST006,SYN_ST006_2021,2021,wheat,103,233,wheat,93.21,220.65,26.029,9.237
SYN_REC00198,SYN_ST006,SYN_ST006_2021,2021,wheat,103,233,wheat,103.06,239.36,25.461,8.781
SYN_REC00199,SYN_ST006,SYN_ST006_2021,2021,wheat,103,233,rice,102.53,245.63,25.838,10.737
SYN_REC00200,SYN_ST007,SYN_ST007_2019,2019,maize,127,238,rice,121.44,248.43,38.25,12.915
SYN_REC00201,SYN_ST007,SYN_ST007_2019,2019,maize,127,238,wheat,125.32,238.82,37.337,12.491
SYN_REC00202,SYN_ST007,SYN_ST007_2019,2019,maize,127,238,maize,129.46,230.09,37.782,11.134
SYN_REC00203,SYN_ST007,SYN_ST007_2019,2019,maize,127,238,maize,125.35,236.53,36.918,13.256
SYN_REC00204,SYN_ST007,SYN_ST007_2019,2019,maize,127,238,maize,125.29,221.22,36.169,10.814
SYN_REC00205,SYN_ST007,SYN_ST007_2019,2019,maize,127,238,wheat,136.67,236.68,38.788,11.204
SYN_REC00206,SYN_ST007,SYN_ST007_2019,2019,maize,127,238,maize,126.38,238.03,39.305,8.347
SYN_REC00207,SYN_ST007,SYN_ST007_2020,2020,maize,125,247,maize,132.13,255.24,37.463,12.285
SYN_REC00208,SYN_ST007,SYN_ST007_2020,2020,maize,125,247,maize,121.07,252.58,37.375,11.132
SYN_REC00209,SYN_ST007,SYN_ST007_2020,2020,maize,125,247,wheat,107.84,235.66,35.817,10.694
SYN_REC00210,SYN_ST007,SYN_ST007_2020,2020,maize,125,247,maize,114.45,239.12,36.209,14.079
SYN_REC00211,SYN_ST007,SYN_ST007_2020,2020,maize,125,247,maize,122.12,244.09,35.863,8.84
SYN_REC00212,SYN_ST007,SYN_ST007_2020,2020,maize,125,247,maize,118.02,246.32,35.322,10.216
SYN_REC00213,SYN_ST007,SYN_ST007_2020,2020,maize,125,247,maize,127.56,250.34,35.657,12.156
SYN_REC00214,SYN_ST007,SYN_ST007_2020,2020,maize,125,247,maize,129.43,246.91,35.59,10.751
SYN_REC00215,SYN_ST007,SYN_ST007_2020,2020,maize,125,247,maize,129.29,245.87,39.08,12.339
SYN_REC00216,SYN_ST007,SYN_ST007_2020,2020,maize,125,247,wheat,138.54,262.68,35.768,10.018
SYN_REC00217,SYN_ST007,SYN_ST007_2020,2020,maize,125,247,maize,117.59,236.42,36.659,11.634
SYN_REC00218,SYN_ST007,SYN_ST007_2020,2020,maize,125,247,maize,120.45,241.61,36.387,10.075
SYN_REC00219,SYN_ST007,SYN_ST007_2020,2020,maize,125,247,maize,127.08,254.09,36.655,10.907
SYN_REC00220,SYN_ST007,SYN_ST007_2021,2021,maize,118,225,maize,109.63,235.6,37.189,12.679
SYN_REC00221,SYN_ST007,SYN_ST007_2021,2021,maize,118,225,maize,123.48,217.79,37.871,12.005
SYN_REC00222,SYN_ST007,SYN_ST007_2021,2021,maize,118,225,wheat,121.96,220.6,35.895,9.709
SYN_REC00223,SYN_ST007,SYN_ST007_2021,2021,maize,118,225,maize,102.01,225.69,37.634,10.179
SYN_REC00224,SYN_ST008,SYN_ST008_2019,2019,rice,154,257,rice,150.28,265.36,0.108,20.076
SYN_REC00225,SYN_ST008,SYN_ST008_2019,2019,rice,154,257,maize,143.08,264.74,1.847,19.614
SYN_REC00226,SYN_ST008,SYN_ST008_2019,2019,rice,154,257,rice,148.92,251.97,0.956,20.524
SYN_REC00227,SYN_ST008,SYN_ST008_2019,2019,rice,154,257,rice,150.62,264.99,0.143,21.525
SYN_REC00228,SYN_ST008,SYN_ST008_2019,2019,rice,154,257,rice,153.65,256.08,-0.977,21.365
SYN_REC00229,SYN_ST008,SYN_ST008_2019,2019,rice,154,257,rice,158.15,269.3,1.766,20.121
SYN_REC00230,SYN_ST008,SYN_ST008_2019,2019,rice,154,257,wheat,149.63,257.19,-0.693,22.515
SYN_REC00231,SYN_ST008,SYN_ST008_2019,2019,rice,154,257,rice,152.47,266.55,-2.578,18.154
SYN_REC00232,SYN_ST008,SYN_ST008_2019,2019,rice,154,257,rice,154.42,259.0,-1.565,20.543
SYN_REC00233,SYN_ST008,SYN_ST008_2019,2019,rice,154,257,rice,159.77,258.36,-0.5,20.097
SYN_REC00234,SYN_ST008,SYN_ST008_2020,2020,rice,152,252,rice,145.24,252.43,-2.475,21.308
SYN_REC00235,SYN_ST008,SYN_ST008_2020,2020,rice,152,252,rice,150.24,232.15,-1.169,22.05
SYN_REC00236,SYN_ST008,SYN_ST008_2020,2020,rice,152,252,rice,149.57,242.56,0.992,19.76
SYN_REC00237,SYN_ST008,SYN_ST008_2020,2020,rice,152,252,rice,155.96,266.69,-0.217,21.022
SYN_REC00238,SYN_ST008,SYN_ST008_2020,2020,rice,152,252,rice,160.33,245.92,-0.646,20.544
SYN_REC00239,SYN_ST008,SYN_ST008_2020,2020,rice,152,252,rice,153.6,259.74,0.378,18.664
SYN_REC00240,SYN_ST008,SYN_ST008_2020,2020,rice,152,252,rice,157.19,236.98,-1.263,21.622
SYN_REC00241,SYN_ST008,SYN_ST008_2020,2020,rice,152,252,rice,154.88,266.88,0.589,21.36
SYN_REC00242,SYN_ST008,SYN_ST008_2020,2020,rice,152,252,maize,150.5,245.62,0.54,21.097
SYN_REC00243,SYN_ST008,SYN_ST008_2020,2020,rice,152,252,rice,144.77,270.48,0.419,19.692
SYN_REC00244,SYN_ST008,SYN_ST008_2020,2020,rice,152,252,rice,151.24,249.98,0.701,19.02
SYN_REC00245,SYN_ST008,SYN_ST008_2020,2020,rice,152,252,rice,157.05,267.3,0.586,20.119
SYN_REC00246,SYN_ST008,SYN_ST008_2020,2020,rice,152,252,maize,150.22,248.98,1.126,18.491
SYN_REC00247,SYN_ST008,SYN_ST008_2021,2021,rice,149,252,rice,157.72,259.68,-1.791,21.565
SYN_REC00248,SYN_ST008,SYN_ST008_2021,2021,rice,149,252,wheat,148.83,254.92,0.694,20.783
SYN_REC00249,SYN_ST008,SYN_ST008_2021,2021,rice,149,252,maize,159.32,261.81,-3.414,20.19
SYN_REC00250,SYN_ST008,SYN_ST008_2021,2021,rice,149,252,rice,136.74,252.75,1.525,19.267
SYN_REC00251,SYN_ST008,SYN_ST008_2021,2021,rice,149,252,rice,142.59,246.62,1.799,19.919
SYN_REC00252,SYN_ST008,SYN_ST008_2021,2021,rice,149,252,rice,135.9,266.9,0.75,20.352
SYN_REC00253,SYN_ST008,SYN_ST008_2021,2021,rice,149,252,maize,157.28,249.41,-0.218,19.981
SYN_REC00254,SYN_ST008,SYN_ST008_2021,2021,rice,149,252,rice,153.86,254.05,0.809,20.56
SYN_REC00255,SYN_ST008,SYN_ST008_2021,2021,rice,149,252,rice,146.07,269.84,-1.855,22.084
SYN_REC00256,SYN_ST008,SYN_ST008_2021,2021,rice,149,252,rice,143.03,269.83,1.221,21.736
SYN_REC00257,SYN_ST009,SYN_ST009_2019,2019,wheat,109,238,wheat,114.77,245.37,12.814,20.677
SYN_REC00258,SYN_ST009,SYN_ST009_2019,2019,wheat,109,238,rice,102.92,224.92,12.312,19.683
SYN_REC00259,SYN_ST009,SYN_ST009_2019,2019,wheat,109,238,wheat,88.31,228.02,13.373,18.985
SYN_REC00260,SYN_ST009,SYN_ST009_2019,2019,wheat,109,238,wheat,99.27,249.51,11.855,20.131
SYN_REC00261,SYN_ST009,SYN_ST009_2019,2019,wheat,109,238,maize,119.62,235.55,11.316,19.392
SYN_REC00262,SYN_ST009,SYN_ST009_2019,2019,wheat,109,238,rice,106.23,249.74,11.891,22.542
SYN_REC00263,SYN_ST009,SYN_ST009_2019,2019,wheat,109,238,wheat,121.5,240.86,13.184,18.913
SYN_REC00264,SYN_ST009,SYN_ST009_2019,2019,wheat,109,238,wheat,112.22,245.91,12.076,18.239
SYN_REC00265,SYN_ST009,SYN_ST009_2019,2019,wheat,109,238,wheat,99.01,223.86,12.159,21.133
SYN_REC00266,SYN_ST009,SYN_ST009_2019,2019,wheat,109,238,wheat,93.18,236.47,11.833,22.298
SYN_REC00267,SYN_ST009,SYN_ST009_2019,2019,wheat,109,238,rice,106.27,251.65,12.568,20.459
SYN_REC00268,SYN_ST009,SYN_ST009_2019,2019,wheat,109,238,rice,114.44,231.52,13.082,18.135
SYN_REC00269,SYN_ST009,SYN_ST009_2019,2019,wheat,109,238,wheat,110.25,233.07,12.001,19.036
SYN_REC00270,SYN_ST009,SYN_ST009_2019,2019,wheat,109,238,wheat,106.52,229.17,12.415,18.403
SYN_REC00271,SYN_ST009,SYN_ST009_2019,2019,wheat,109,238,rice,100.73,233.47,11.278,21.373
SYN_REC00272,SYN_ST009,SYN_ST009_2020,2020,wheat,104,219,wheat,104.93,219.54,12.686,20.858
SYN_REC00273,SYN_ST009,SYN_ST009_2020,2020,wheat,104,219,wheat,92.22,220.68,11.17,21.357
SYN_REC00274,SYN_ST009,SYN_ST009_2020,2020,wheat,104,219,wheat,90.46,208.86,8.728,19.502
SYN_REC00275,SYN_ST009,SYN_ST009_2020,2020,wheat,104,219,rice,101.03,227.63,13.466,19.578
SYN_REC00276,SYN_ST009,SYN_ST009_2020,2020,wheat,104,219,wheat,108.32,223.44,12.399,20.961
SYN_REC00277,SYN_ST009,SYN_ST009_2020,2020,wheat,104,219,rice,97.28,224.99,10.003,18.666
SYN_REC00278,SYN_ST009,SYN_ST009_2020,2020,wheat,104,219,maize,102.17,225.72,12.312,19.657
SYN_REC00279,SYN_ST009,SYN_ST009_2020,2020,wheat,104,219,wheat,102.34,204.75,11.064,20.444
SYN_REC00280,SYN_ST009,SYN_ST009_2020,2020,wheat,104,219,wheat,93.03,213.21,11.33,19.344
SYN_REC00281,SYN_ST009,SYN_ST009_2020,2020,wheat,104,219,maize,98.9,225.17,12.999,19.608
SYN_REC00282,SYN_ST009,SYN_ST009_2020,2020,wheat,104,219,rice,104.98,212.47,10.652,18.655
SYN_REC00283,SYN_ST009,SYN_ST009_2020,2020,wheat,104,219,wheat,95.86,220.3,12.904,17.878
SYN_REC00284,SYN_ST009,SYN_ST009_2020,2020,wheat,104,219,wheat,102.46,221.73,12.012,18.038
SYN_REC00285,SYN_ST009,SYN_ST009_2020,2020,wheat,104,219,wheat,104.21,227.23,9.371,20.198
SYN_REC00286,SYN_ST009,SYN_ST009_2021,2021,wheat,104,227,wheat,87.59,234.54,10.846,19.236
SYN_REC00287,SYN_ST009,SYN_ST009_2021,2021,wheat,104,227,wheat,94.13,225.61,11.153,20.236
SYN_REC00288,SYN_ST009,SYN_ST009_2021,2021,wheat,104,227,wheat,106.25,228.91,13.921,18.502
SYN_REC00289,SYN_ST009,SYN_ST009_2021,2021,wheat,104,227,wheat,111.93,237.12,10.322,19.408
SYN_REC00290,SYN_ST009,SYN_ST009_2021,2021,wheat,104,227,wheat,107.56,228.56,11.767,19.322
SYN_REC00291,SYN_ST010,SYN_ST010_2019,2019,maize,121,242,maize,108.56,244.59,23.376,20.441
SYN_REC00292,SYN_ST010,SYN_ST010_2019,2019,maize,121,242,maize,126.33,251.4,24.519,21.106
SYN_REC00293,SYN_ST010,SYN_ST010_2019,2019,maize,121,242,wheat,123.63,250.62,22.824,18.751
SYN_REC00294,SYN_ST010,SYN_ST010_2019,2019,maize,121,242,maize,120.88,244.26,25.59,17.629
SYN_REC00295,SYN_ST010,SYN_ST010_2019,2019,maize,121,242,maize,121.06,240.37,22.523,20.351
SYN_REC00296,SYN_ST010,SYN_ST010_2019,2019,maize,121,242,maize,117.77,247.19,22.498,19.812
SYN_REC00297,SYN_ST010,SYN_ST010_2019,2019,maize,121,242,maize,129.19,240.57,23.455,19.14
SYN_REC00298,SYN_ST010,SYN_ST010_2019,2019,maize,121,242,maize,124.75,238.91,24.004,17.867
SYN_REC00299,SYN_ST010,SYN_ST010_2020,2020,maize,128,246,wheat,127.28,260.39,25.718,18.912
SYN_REC00300,SYN_ST010,SYN_ST010_2020,2020,maize,128,246,maize,128.01,248.26,23.45,19.64
SYN_REC00301,SYN_ST010,SYN_ST010_2020,2020,maize,128,246,wheat,128.95,249.6,24.015,17.81
SYN_REC00302,SYN_ST010,SYN_ST010_2020,2020,maize,128,246,maize,130.55,240.19,23.951,17.947
SYN_REC00303,SYN_ST010,SYN_ST010_2020,2020,maize,128,246,maize,124.24,255.83,23.521,20.516
SYN_REC00304,SYN_ST010,SYN_ST010_2020,2020,maize,128,246,rice,127.01,252.98,23.646,17.861
SYN_REC00305,SYN_ST010,SYN_ST010_2021,2021,rice,148,250,rice,144.74,269.0,22.203,19.992
SYN_REC00306,SYN_ST010,SYN_ST010_2021,2021,rice,148,250,wheat,148.99,231.4,24.572,22.031
SYN_REC00307,SYN_ST010,SYN_ST010_2021,2021,rice,148,250,rice,149.82,258.2,24.091,19.05
SYN_REC00308,SYN_ST010,SYN_ST010_2021,2021,rice,148,250,rice,152.49,249.09,23.073,19.9
SYN_REC00309,SYN_ST011,SYN_ST011_2019,2019,rice,153,254,rice,166.46,263.02,35.533,18.343
SYN_REC00310,SYN_ST011,SYN_ST011_2019,2019,rice,153,254,rice,153.51,254.3,35.307,19.435
SYN_REC00311,SYN_ST011,SYN_ST011_2019,2019,rice,153,254,rice,142.91,249.87,36.514,17.83
SYN_REC00312,SYN_ST011,SYN_ST011_2019,2019,rice,153,254,rice,147.26,254.89,34.95,21.244
SYN_REC00313,SYN_ST011,SYN_ST011_2019,2019,rice,153,254,maize,157.7,247.8,34.724,19.848
SYN_REC00314,SYN_ST011,SYN_ST011_2019,2019,rice,153,254,rice,159.25,247.8,34.674,18.684
SYN_REC00315,SYN_ST011,SYN_ST011_2019,2019,rice,153,254,rice,160.69,259.03,37.468,22.193
SYN_REC00316,SYN_ST011,SYN_ST011_2019,2019,rice,153,254,rice,153.49,244.59,34.483,18.715
SYN_REC00317,SYN_ST011,SYN_ST011_2019,2019,rice,153,254,rice,145.64,252.85,33.956,20.482
SYN_REC00318,SYN_ST011,SYN_ST011_2019,2019,rice,153,254,rice,172.67,250.39,35.503,17.917
SYN_REC00319,SYN_ST011,SYN_ST011_2019,2019,rice,153,254,rice,160.84,256.38,33.8,19.724
SYN_REC00320,SYN_ST011,SYN_ST011_2019,2019,rice,153,254,rice,163.24,260.47,35.531,16.548
SYN_REC00321,SYN_ST011,SYN_ST011_2020,2020,rice,154,270,rice,156.11,278.12,33.426,19.462
SYN_REC00322,SYN_ST011,SYN_ST011_2020,2020,rice,154,270,rice,151.89,255.18,35.025,19.079
SYN_REC00323,SYN_ST011,SYN_ST011_2020,2020,rice,154,270,rice,150.06,266.46,35.369,20.003
SYN_REC00324,SYN_ST011,SYN_ST011_2020,2020,rice,154,270,rice,151.13,270.74,33.111,20.044
SYN_REC00325,SYN_ST011,SYN_ST011_2020,2020,rice,154,270,rice,154.28,277.69,33.073,17.103
SYN_REC00326,SYN_ST011,SYN_ST011_2020,2020,rice,154,270,rice,153.95,271.36,34.862,20.269
SYN_REC00327,SYN_ST011,SYN_ST011_2020,2020,rice,154,270,wheat,152.17,253.14,36.339,20.938
SYN_REC00328,SYN_ST011,SYN_ST011_2021,2021,maize,128,251,wheat,126.41,256.98,35.485,18.131
SYN_REC00329,SYN_ST011,SYN_ST011_2021,2021,maize,128,251,maize,132.05,251.7,35.68,19.161
SYN_REC00330,SYN_ST011,SYN_ST011_2021,2021,maize,128,251,maize,121.7,246.3,35.43,20.526
SYN_REC00331,SYN_ST011,SYN_ST011_2021,2021,maize,128,251,rice,118.83,234.7,35.456,18.13
SYN_REC00332,SYN_ST011,SYN_ST011_2021,2021,maize,128,251,maize,132.63,245.87,35.694,19.112
SYN_REC00333,SYN_ST011,SYN_ST011_2021,2021,maize,128,251,maize,131.33,245.46,35.214,20.724
SYN_REC00334,SYN_ST011,SYN_ST011_2021,2021,maize,128,251,maize,118.22,256.24,34.115,21.167
SYN_REC00335,SYN_ST011,SYN_ST011_2021,2021,maize,128,251,rice,129.1,249.33,36.231,19.027
SYN_REC00336,SYN_ST011,SYN_ST011_2021,2021,maize,128,251,maize,134.1,246.51,34.677,18.038
SYN_REC00337,SYN_ST011,SYN_ST011_2021,2021,maize,128,251,rice,115.2,256.84,37.587,21.182
SYN_REC00338,SYN_ST012,SYN_ST012_2019,2019,wheat,102,217,wheat,103.4,204.51,-0.975,31.954
SYN_REC00339,SYN_ST012,SYN_ST012_2019,2019,wheat,102,217,wheat,94.04,199.75,-1.946,30.027
SYN_REC00340,SYN_ST012,SYN_ST012_2019,2019,wheat,102,217,wheat,105.17,213.4,-2.917,30.059
SYN_REC00341,SYN_ST012,SYN_ST012_2019,2019,wheat,102,217,wheat,106.22,215.96,-0.883,29.332
SYN_REC00342,SYN_ST012,SYN_ST012_2019,2019,wheat,102,217,wheat,103.03,213.24,-1.104,29.788
SYN_REC00343,SYN_ST012,SYN_ST012_2019,2019,wheat,102,217,wheat,105.86,193.66,-0.198,27.068
SYN_REC00344,SYN_ST012,SYN_ST012_2019,2019,wheat,102,217,wheat,109.18,214.46,-3.386,29.412
SYN_REC00345,SYN_ST012,SYN_ST012_2019,2019,wheat,102,217,wheat,88.55,226.03,-1.692,29.294
SYN_REC00346,SYN_ST012,SYN_ST012_2019,2019,wheat,102,217,rice,94.88,223.93,-0.747,28.662
SYN_REC00347,SYN_ST012,SYN_ST012_2019,2019,wheat,102,217,wheat,95.96,227.35,-3.246,32.65
SYN_REC00348,SYN_ST012,SYN_ST012_2020,2020,wheat,98,221,wheat,89.4,203.56,-2.082,28.561
SYN_REC00349,SYN_ST012,SYN_ST012_2020,2020,wheat,98,221,wheat,91.64,214.03,0.775,30.793
SYN_REC00350,SYN_ST012,SYN_ST012_2020,2020,wheat,98,221,wheat,85.57,215.77,-1.368,29.495
SYN_REC00351,SYN_ST012,SYN_ST012_2020,2020,wheat,98,221,wheat,89.58,218.71,-2.329,30.922
SYN_REC00352,SYN_ST012,SYN_ST012_2020,2020,wheat,98,221,wheat,96.1,219.11,-2.507,31.307
SYN_REC00353,SYN_ST012,SYN_ST012_2020,2020,wheat,98,221,wheat,97.38,217.56,-0.67,30.442
SYN_REC00354,SYN_ST012,SYN_ST012_2020,2020,wheat,98,221,wheat,98.73,234.57,-3.235,31.649
SYN_REC00355,SYN_ST012,SYN_ST012_2020,2020,wheat,98,221,wheat,99.52,233.6,-1.04,30.93
SYN_REC00356,SYN_ST012,SYN_ST012_2020,2020,wheat,98,221,rice,98.22,218.98,-2.569,30.377
SYN_REC00357,SYN_ST012,SYN_ST012_2021,2021,wheat,97,216,rice,98.62,223.72,-1.521,31.195
SYN_REC00358,SYN_ST012,SYN_ST012_2021,2021,wheat,97,216,rice,93.28,233.71,-2.168,29.926
SYN_REC00359,SYN_ST012,SYN_ST012_2021,2021,wheat,97,216,wheat,98.76,204.76,-0.279,30.612
SYN_REC00360,SYN_ST012,SYN_ST012_2021,2021,wheat,97,216,wheat,105.32,221.01,-3.144,32.857
SYN_REC00361,SYN_ST012,SYN_ST012_2021,2021,wheat,97,216,wheat,96.93,228.72,-1.435,30.691
